{"stats":{"minecraft:dropped":{"minecraft:stone_pickaxe":2,"minecraft:iron_pickaxe":1,"minecraft:birch_log":2},"minecraft:picked_up":{"minecraft:birch_log":8,"minecraft:raw_iron":9,"minecraft:glow_ink_sac":5,"minecraft:porkchop":1,"minecraft:dirt":2,"minecraft:rotten_flesh":1,"minecraft:tropical_fish":6,"minecraft:iron_ingot":4,"minecraft:granite":1,"minecraft:stone_pickaxe":1,"minecraft:coal":26,"minecraft:cobblestone":20,"minecraft:furnace":1},"minecraft:killed":{"minecraft:pig":1,"minecraft:zombie":1},"minecraft:mined":{"minecraft:furnace":1,"minecraft:birch_log":10,"minecraft:iron_ore":9,"minecraft:granite":1,"minecraft:grass":1,"minecraft:grass_block":5,"minecraft:coal_ore":18,"minecraft:stone":20},"minecraft:custom":{"minecraft:time_since_rest":21830,"minecraft:interact_with_furnace":6,"minecraft:sprint_one_cm":18512,"minecraft:damage_taken":95,"minecraft:walk_one_cm":39264,"minecraft:mob_kills":2,"minecraft:drop":5,"minecraft:damage_dealt":465,"minecraft:interact_with_crafting_table":8,"minecraft:fly_one_cm":36209,"minecraft:play_time":21830,"minecraft:sneak_time":23,"minecraft:walk_under_water_one_cm":4657,"minecraft:jump":355,"minecraft:leave_game":1,"minecraft:walk_on_water_one_cm":16978,"minecraft:time_since_death":21830,"minecraft:total_world_time":21830,"minecraft:fall_one_cm":6804},"minecraft:used":{"minecraft:iron_axe":1,"minecraft:tropical_fish":1,"minecraft:stone_pickaxe":57,"minecraft:wooden_pickaxe":6,"minecraft:rotten_flesh":1,"minecraft:torch":8,"minecraft:cobblestone":6,"minecraft:crafting_table":2,"minecraft:furnace":1},"minecraft:crafted":{"minecraft:iron_axe":1,"minecraft:crafting_table":2,"minecraft:stick":20,"minecraft:wooden_pickaxe":1,"minecraft:iron_ingot":5,"minecraft:iron_pickaxe":2,"minecraft:stone_pickaxe":2,"minecraft:furnace":1,"minecraft:birch_planks":24,"minecraft:torch":32,"minecraft:air":0}},"DataVersion":3465}