{"stats":{"minecraft:dropped":{"minecraft:stone_pickaxe":2,"minecraft:iron_pickaxe":1,"minecraft:birch_log":2},"minecraft:picked_up":{"minecraft:birch_log":8,"minecraft:glow_ink_sac":10,"minecraft:leather":3,"minecraft:smoker":1,"minecraft:potato":3,"minecraft:birch_planks":3,"minecraft:oak_log":10,"minecraft:brewing_stand":1,"minecraft:dirt":2,"minecraft:iron_axe":1,"minecraft:bone":4,"minecraft:wheat_seeds":4,"minecraft:iron_ingot":4,"minecraft:beef":7,"minecraft:stone_pickaxe":2,"minecraft:iron_pickaxe":1,"minecraft:furnace":2,"minecraft:stick":2,"minecraft:raw_iron":9,"minecraft:pumpkin":15,"minecraft:torch":24,"minecraft:dandelion":1,"minecraft:porkchop":1,"minecraft:cherry_log":16,"minecraft:blast_furnace":1,"minecraft:carrot":3,"minecraft:arrow":2,"minecraft:rotten_flesh":2,"minecraft:tropical_fish":6,"minecraft:hay_block":21,"minecraft:granite":2,"minecraft:cherry_sapling":7,"minecraft:coal":34,"minecraft:cobblestone":27},"minecraft:mined":{"minecraft:smoker":1,"minecraft:cherry_log":16,"minecraft:dandelion":1,"minecraft:brewing_stand":1,"minecraft:granite":1,"minecraft:blast_furnace":1,"minecraft:grass_block":5,"minecraft:hay_block":21,"minecraft:furnace":1,"minecraft:carrots":3,"minecraft:birch_log":10,"minecraft:iron_ore":9,"minecraft:wheat":3,"minecraft:pumpkin":15,"minecraft:grass":4,"minecraft:potatoes":4,"minecraft:coal_ore":18,"minecraft:oak_log":10,"minecraft:cherry_leaves":30,"minecraft:stone":20},"minecraft:killed":{"minecraft:pig":1,"minecraft:skeleton":1,"minecraft:zombie":1,"minecraft:cow":2},"minecraft:custom":{"minecraft:interact_with_furnace":6,"minecraft:mob_kills":5,"minecraft:interact_with_crafting_table":9,"minecraft:leave_game":1,"minecraft:time_since_death":6742,"minecraft:climb_one_cm":895,"minecraft:time_since_rest":6769,"minecraft:sprint_one_cm":51229,"minecraft:damage_taken":910,"minecraft:walk_one_cm":81974,"minecraft:drop":5,"minecraft:damage_dealt":865,"minecraft:swim_one_cm":5342,"minecraft:fly_one_cm":85799,"minecraft:open_chest":1,"minecraft:play_time":33830,"minecraft:deaths":2,"minecraft:sneak_time":50,"minecraft:walk_under_water_one_cm":5090,"minecraft:jump":643,"minecraft:walk_on_water_one_cm":18030,"minecraft:total_world_time":33830,"minecraft:fall_one_cm":24009},"minecraft:used":{"minecraft:tropical_fish":6,"minecraft:stone_pickaxe":59,"minecraft:wooden_pickaxe":6,"minecraft:rotten_flesh":2,"minecraft:torch":8,"minecraft:crafting_table":3,"minecraft:granite":1,"minecraft:wooden_hoe":51,"minecraft:iron_axe":61,"minecraft:iron_pickaxe":1,"minecraft:cobblestone":6,"minecraft:furnace":1},"minecraft:crafted":{"minecraft:oak_planks":40,"minecraft:crafting_table":3,"minecraft:wooden_pickaxe":1,"minecraft:furnace":1,"minecraft:birch_planks":24,"minecraft:air":0,"minecraft:wooden_hoe":1,"minecraft:iron_axe":1,"minecraft:stick":24,"minecraft:iron_ingot":5,"minecraft:iron_pickaxe":2,"minecraft:stone_pickaxe":2,"minecraft:torch":32}},"DataVersion":3465}