{"stats":{"minecraft:dropped":{"minecraft:birch_log":2},"minecraft:picked_up":{"minecraft:birch_log":7,"minecraft:dirt":2},"minecraft:mined":{"minecraft:grass_block":5,"minecraft:birch_log":9},"minecraft:custom":{"minecraft:time_since_rest":9830,"minecraft:play_time":9830,"minecraft:sprint_one_cm":1293,"minecraft:damage_taken":40,"minecraft:walk_one_cm":11325,"minecraft:sneak_time":7,"minecraft:walk_under_water_one_cm":875,"minecraft:drop":2,"minecraft:jump":68,"minecraft:damage_dealt":35,"minecraft:leave_game":1,"minecraft:time_since_death":9830,"minecraft:walk_on_water_one_cm":1153,"minecraft:total_world_time":9830,"minecraft:interact_with_crafting_table":1,"minecraft:fall_one_cm":2007,"minecraft:fly_one_cm":3099},"minecraft:used":{"minecraft:crafting_table":1},"minecraft:crafted":{"minecraft:birch_planks":20,"minecraft:crafting_table":1,"minecraft:stick":4,"minecraft:wooden_pickaxe":1}},"DataVersion":3465}