{"stats":{"minecraft:dropped":{"minecraft:flint":1,"minecraft:bow":2,"minecraft:stone_pickaxe":2,"minecraft:iron_pickaxe":1,"minecraft:birch_log":2},"minecraft:broken":{"minecraft:iron_pickaxe":1},"minecraft:picked_up":{"minecraft:birch_log":8,"minecraft:lilac":1,"minecraft:glow_ink_sac":10,"minecraft:andesite":10,"minecraft:leather":3,"minecraft:oak_stairs":2,"minecraft:smoker":1,"minecraft:potato":3,"minecraft:birch_planks":3,"minecraft:flint":2,"minecraft:tuff":6,"minecraft:oak_log":10,"minecraft:brewing_stand":1,"minecraft:gunpowder":1,"minecraft:lapis_lazuli":5,"minecraft:dirt":34,"minecraft:iron_axe":1,"minecraft:bone":19,"minecraft:bow":2,"minecraft:wheat_seeds":4,"minecraft:cobbled_deepslate":38,"minecraft:raw_gold":18,"minecraft:iron_ingot":4,"minecraft:beef":7,"minecraft:stone_pickaxe":2,"minecraft:iron_pickaxe":1,"minecraft:sugar_cane":6,"minecraft:furnace":2,"minecraft:book":12,"minecraft:stick":2,"minecraft:raw_iron":98,"minecraft:pumpkin":15,"minecraft:sand":2,"minecraft:torch":25,"minecraft:dandelion":1,"minecraft:gravel":20,"minecraft:porkchop":1,"minecraft:cherry_log":16,"minecraft:blast_furnace":1,"minecraft:diorite":23,"minecraft:carrot":3,"minecraft:redstone":168,"minecraft:arrow":14,"minecraft:rotten_flesh":13,"minecraft:diamond":5,"minecraft:tropical_fish":6,"minecraft:hay_block":21,"minecraft:granite":7,"minecraft:cherry_sapling":7,"minecraft:obsidian":14,"minecraft:coal":80,"minecraft:cobblestone":173},"minecraft:killed":{"minecraft:pig":1,"minecraft:creeper":2,"minecraft:skeleton":9,"minecraft:zombie":17,"minecraft:cow":2},"minecraft:mined":{"minecraft:deepslate_redstone_ore":39,"minecraft:tuff":6,"minecraft:deepslate_diamond_ore":5,"minecraft:smoker":1,"minecraft:cherry_log":16,"minecraft:dandelion":1,"minecraft:brewing_stand":1,"minecraft:obsidian":14,"minecraft:granite":7,"minecraft:blast_furnace":1,"minecraft:grass_block":24,"minecraft:deepslate_gold_ore":18,"minecraft:lapis_ore":1,"minecraft:sugar_cane":2,"minecraft:diorite":23,"minecraft:wall_torch":1,"minecraft:hay_block":21,"minecraft:furnace":1,"minecraft:carrots":3,"minecraft:birch_log":10,"minecraft:iron_ore":43,"minecraft:wheat":3,"minecraft:andesite":10,"minecraft:pumpkin":15,"minecraft:grass":5,"minecraft:bookshelf":4,"minecraft:potatoes":4,"minecraft:coal_ore":64,"minecraft:oak_log":10,"minecraft:deepslate_iron_ore":55,"minecraft:cherry_leaves":30,"minecraft:sand":2,"minecraft:gravel":22,"minecraft:dirt":13,"minecraft:stone":162,"minecraft:deepslate":38},"minecraft:custom":{"minecraft:interact_with_furnace":7,"minecraft:mob_kills":33,"minecraft:interact_with_crafting_table":19,"minecraft:leave_game":1,"minecraft:time_since_death":66742,"minecraft:sleep_in_bed":1,"minecraft:climb_one_cm":895,"minecraft:time_since_rest":5094,"minecraft:sprint_one_cm":148220,"minecraft:damage_taken":1815,"minecraft:walk_one_cm":310359,"minecraft:drop":8,"minecraft:damage_dealt":6071,"minecraft:swim_one_cm":15943,"minecraft:fly_one_cm":231702,"minecraft:open_chest":13,"minecraft:crouch_one_cm":12,"minecraft:play_time":93830,"minecraft:deaths":2,"minecraft:sneak_time":90,"minecraft:walk_under_water_one_cm":9031,"minecraft:jump":1820,"minecraft:interact_with_blast_furnace":7,"minecraft:walk_on_water_one_cm":28589,"minecraft:total_world_time":93830,"minecraft:fall_one_cm":58364},"minecraft:used":{"minecraft:cherry_sapling":7,"minecraft:water_bucket":2,"minecraft:diorite":23,"minecraft:enchanting_table":1,"minecraft:iron_shovel":56,"minecraft:tropical_fish":6,"minecraft:stone_pickaxe":59,"minecraft:chest":2,"minecraft:wooden_pickaxe":6,"minecraft:sugar_cane":6,"minecraft:rotten_flesh":2,"minecraft:torch":132,"minecraft:dirt":19,"minecraft:crafting_table":6,"minecraft:blast_furnace":1,"minecraft:granite":1,"minecraft:smoker":1,"minecraft:obsidian":10,"minecraft:wooden_hoe":51,"minecraft:diamond_pickaxe":155,"minecraft:bread":20,"minecraft:iron_axe":133,"minecraft:iron_pickaxe":290,"minecraft:cobblestone":37,"minecraft:furnace":3,"minecraft:bucket":3},"minecraft:crafted":{"minecraft:cherry_planks":64,"minecraft:oak_planks":40,"minecraft:iron_nugget":9,"minecraft:crafting_table":6,"minecraft:enchanting_table":1,"minecraft:wooden_pickaxe":1,"minecraft:furnace":2,"minecraft:bucket":1,"minecraft:birch_planks":24,"minecraft:flint_and_steel":1,"minecraft:bread":63,"minecraft:air":0,"minecraft:diamond_pickaxe":1,"minecraft:wooden_hoe":1,"minecraft:iron_axe":1,"minecraft:stick":64,"minecraft:iron_ingot":55,"minecraft:iron_pickaxe":3,"minecraft:stone_pickaxe":2,"minecraft:chest":2,"minecraft:iron_shovel":1,"minecraft:torch":148,"minecraft:wheat":189}},"DataVersion":3465}