{"stats":{"minecraft:dropped":{"minecraft:stone_pickaxe":2,"minecraft:iron_pickaxe":1,"minecraft:birch_log":2},"minecraft:picked_up":{"minecraft:birch_log":8,"minecraft:glow_ink_sac":10,"minecraft:andesite":10,"minecraft:leather":3,"minecraft:smoker":1,"minecraft:potato":3,"minecraft:birch_planks":3,"minecraft:oak_log":10,"minecraft:brewing_stand":1,"minecraft:dirt":20,"minecraft:iron_axe":1,"minecraft:bone":4,"minecraft:wheat_seeds":4,"minecraft:iron_ingot":4,"minecraft:beef":7,"minecraft:stone_pickaxe":2,"minecraft:iron_pickaxe":1,"minecraft:furnace":2,"minecraft:stick":2,"minecraft:raw_iron":25,"minecraft:pumpkin":15,"minecraft:torch":24,"minecraft:dandelion":1,"minecraft:gravel":1,"minecraft:porkchop":1,"minecraft:cherry_log":16,"minecraft:blast_furnace":1,"minecraft:diorite":23,"minecraft:carrot":3,"minecraft:arrow":2,"minecraft:rotten_flesh":2,"minecraft:tropical_fish":6,"minecraft:hay_block":21,"minecraft:granite":2,"minecraft:cherry_sapling":7,"minecraft:coal":56,"minecraft:cobblestone":163},"minecraft:mined":{"minecraft:smoker":1,"minecraft:cherry_log":16,"minecraft:dandelion":1,"minecraft:brewing_stand":1,"minecraft:granite":1,"minecraft:blast_furnace":1,"minecraft:grass_block":10,"minecraft:diorite":23,"minecraft:hay_block":21,"minecraft:furnace":1,"minecraft:carrots":3,"minecraft:birch_log":10,"minecraft:iron_ore":25,"minecraft:wheat":3,"minecraft:andesite":10,"minecraft:pumpkin":15,"minecraft:grass":4,"minecraft:potatoes":4,"minecraft:coal_ore":40,"minecraft:oak_log":10,"minecraft:cherry_leaves":30,"minecraft:gravel":2,"minecraft:dirt":13,"minecraft:stone":156},"minecraft:killed":{"minecraft:pig":1,"minecraft:skeleton":1,"minecraft:zombie":1,"minecraft:cow":2},"minecraft:custom":{"minecraft:interact_with_furnace":6,"minecraft:mob_kills":5,"minecraft:interact_with_crafting_table":12,"minecraft:leave_game":1,"minecraft:time_since_death":18742,"minecraft:climb_one_cm":895,"minecraft:time_since_rest":18769,"minecraft:sprint_one_cm":75360,"minecraft:damage_taken":930,"minecraft:walk_one_cm":104135,"minecraft:drop":5,"minecraft:damage_dealt":865,"minecraft:swim_one_cm":5342,"minecraft:fly_one_cm":123617,"minecraft:open_chest":6,"minecraft:play_time":45830,"minecraft:deaths":2,"minecraft:sneak_time":50,"minecraft:walk_under_water_one_cm":5090,"minecraft:jump":803,"minecraft:interact_with_blast_furnace":4,"minecraft:walk_on_water_one_cm":18030,"minecraft:total_world_time":45830,"minecraft:fall_one_cm":30788},"minecraft:used":{"minecraft:cherry_sapling":7,"minecraft:diorite":11,"minecraft:iron_shovel":20,"minecraft:tropical_fish":6,"minecraft:stone_pickaxe":59,"minecraft:chest":2,"minecraft:wooden_pickaxe":6,"minecraft:rotten_flesh":2,"minecraft:torch":19,"minecraft:dirt":5,"minecraft:crafting_table":4,"minecraft:blast_furnace":1,"minecraft:granite":1,"minecraft:smoker":1,"minecraft:wooden_hoe":51,"minecraft:bread":3,"minecraft:iron_axe":61,"minecraft:iron_pickaxe":208,"minecraft:cobblestone":14,"minecraft:furnace":2},"minecraft:crafted":{"minecraft:cherry_planks":64,"minecraft:oak_planks":40,"minecraft:iron_nugget":9,"minecraft:crafting_table":4,"minecraft:wooden_pickaxe":1,"minecraft:furnace":1,"minecraft:birch_planks":24,"minecraft:bread":63,"minecraft:air":0,"minecraft:wooden_hoe":1,"minecraft:iron_axe":1,"minecraft:stick":64,"minecraft:iron_ingot":10,"minecraft:iron_pickaxe":3,"minecraft:stone_pickaxe":2,"minecraft:chest":2,"minecraft:iron_shovel":1,"minecraft:torch":32,"minecraft:wheat":189}},"DataVersion":3465}