{"stats":{"minecraft:dropped":{"minecraft:iron_helmet":1,"minecraft:flint":1,"minecraft:iron_leggings":1,"minecraft:iron_pickaxe":1,"minecraft:birch_log":2,"minecraft:iron_boots":1,"minecraft:shield":1,"minecraft:iron_chestplate":1,"minecraft:bow":2,"minecraft:stone_pickaxe":2},"minecraft:broken":{"minecraft:iron_pickaxe":1},"minecraft:picked_up":{"minecraft:iron_chestplate":1,"minecraft:oak_stairs":4,"minecraft:brewing_stand":1,"minecraft:iron_axe":2,"minecraft:iron_leggings":1,"minecraft:iron_shovel":1,"minecraft:cobbled_deepslate":38,"minecraft:beef":7,"minecraft:iron_pickaxe":2,"minecraft:sugar_cane":6,"minecraft:iron_boots":1,"minecraft:furnace":2,"minecraft:stick":5,"minecraft:raw_iron":98,"minecraft:torch":42,"minecraft:porkchop":1,"minecraft:cherry_log":16,"minecraft:diorite":23,"minecraft:carrot":3,"minecraft:redstone":168,"minecraft:arrow":21,"minecraft:rotten_flesh":13,"minecraft:tropical_fish":6,"minecraft:hay_block":21,"minecraft:obsidian":14,"minecraft:cobblestone":273,"minecraft:birch_log":8,"minecraft:lilac":2,"minecraft:cherry_planks":30,"minecraft:glow_ink_sac":10,"minecraft:water_bucket":1,"minecraft:andesite":10,"minecraft:leather":5,"minecraft:smoker":1,"minecraft:potato":3,"minecraft:birch_planks":3,"minecraft:flint":2,"minecraft:tuff":6,"minecraft:oak_log":10,"minecraft:gunpowder":1,"minecraft:dirt":34,"minecraft:lapis_lazuli":5,"minecraft:bone":29,"minecraft:bow":2,"minecraft:wheat_seeds":4,"minecraft:raw_gold":18,"minecraft:iron_ingot":15,"minecraft:stone_pickaxe":2,"minecraft:book":23,"minecraft:pumpkin":15,"minecraft:dandelion":1,"minecraft:gravel":20,"minecraft:sand":4,"minecraft:blast_furnace":1,"minecraft:diamond":5,"minecraft:iron_helmet":1,"minecraft:granite":7,"minecraft:cherry_sapling":7,"minecraft:bread":40,"minecraft:coal":81,"minecraft:diamond_pickaxe":1},"minecraft:killed":{"minecraft:skeleton":10,"minecraft:pig":1,"minecraft:creeper":2,"minecraft:zombie":17,"minecraft:wither_skeleton":3,"minecraft:cow":2},"minecraft:mined":{"minecraft:tuff":6,"minecraft:deepslate_diamond_ore":5,"minecraft:cherry_log":16,"minecraft:brewing_stand":1,"minecraft:obsidian":14,"minecraft:granite":7,"minecraft:grass_block":24,"minecraft:hay_block":21,"minecraft:furnace":1,"minecraft:carrots":3,"minecraft:iron_ore":43,"minecraft:fire":1,"minecraft:andesite":10,"minecraft:pumpkin":15,"minecraft:bookshelf":4,"minecraft:potatoes":4,"minecraft:deepslate_iron_ore":55,"minecraft:stone":162,"minecraft:deepslate_redstone_ore":39,"minecraft:smoker":1,"minecraft:dandelion":1,"minecraft:blast_furnace":1,"minecraft:cobblestone":3,"minecraft:lapis_ore":1,"minecraft:deepslate_gold_ore":18,"minecraft:sugar_cane":2,"minecraft:diorite":23,"minecraft:wall_torch":1,"minecraft:birch_log":10,"minecraft:wheat":3,"minecraft:grass":5,"minecraft:oak_log":10,"minecraft:coal_ore":64,"minecraft:cherry_leaves":30,"minecraft:gravel":22,"minecraft:sand":2,"minecraft:dirt":13,"minecraft:deepslate":38},"minecraft:custom":{"minecraft:mob_kills":37,"minecraft:interact_with_crafting_table":27,"minecraft:leave_game":1,"minecraft:time_since_death":5412,"minecraft:climb_one_cm":895,"minecraft:sprint_one_cm":175018,"minecraft:walk_one_cm":335521,"minecraft:damage_blocked_by_shield":270,"minecraft:drop":13,"minecraft:play_time":105830,"minecraft:deaths":3,"minecraft:sneak_time":91,"minecraft:walk_under_water_one_cm":9911,"minecraft:jump":1960,"minecraft:interact_with_blast_furnace":8,"minecraft:walk_on_water_one_cm":28734,"minecraft:total_world_time":105830,"minecraft:interact_with_furnace":8,"minecraft:sleep_in_bed":1,"minecraft:time_since_rest":5445,"minecraft:damage_taken":2373,"minecraft:damage_dealt":7175,"minecraft:swim_one_cm":18315,"minecraft:fly_one_cm":266761,"minecraft:open_chest":17,"minecraft:crouch_one_cm":12,"minecraft:fall_one_cm":61014},"minecraft:used":{"minecraft:cherry_sapling":7,"minecraft:enchanting_table":1,"minecraft:iron_shovel":56,"minecraft:flint_and_steel":1,"minecraft:tropical_fish":6,"minecraft:chest":2,"minecraft:shield":11,"minecraft:iron_sword":16,"minecraft:rotten_flesh":2,"minecraft:torch":132,"minecraft:dirt":19,"minecraft:granite":1,"minecraft:obsidian":10,"minecraft:iron_axe":135,"minecraft:furnace":3,"minecraft:water_bucket":2,"minecraft:diorite":23,"minecraft:stone_pickaxe":59,"minecraft:wooden_pickaxe":6,"minecraft:sugar_cane":6,"minecraft:crafting_table":7,"minecraft:blast_furnace":1,"minecraft:smoker":1,"minecraft:wooden_hoe":51,"minecraft:diamond_pickaxe":158,"minecraft:bread":28,"minecraft:iron_pickaxe":290,"minecraft:cobblestone":90,"minecraft:bucket":3},"minecraft:crafted":{"minecraft:cherry_planks":64,"minecraft:oak_planks":40,"minecraft:iron_nugget":9,"minecraft:furnace":2,"minecraft:flint_and_steel":1,"minecraft:iron_boots":2,"minecraft:iron_axe":1,"minecraft:stone_pickaxe":2,"minecraft:chest":2,"minecraft:wheat":189,"minecraft:crafting_table":7,"minecraft:enchanting_table":1,"minecraft:wooden_pickaxe":1,"minecraft:iron_helmet":2,"minecraft:iron_sword":2,"minecraft:bucket":1,"minecraft:birch_planks":24,"minecraft:bread":63,"minecraft:air":0,"minecraft:wooden_hoe":1,"minecraft:iron_chestplate":2,"minecraft:diamond_pickaxe":1,"minecraft:shield":3,"minecraft:stick":68,"minecraft:iron_ingot":77,"minecraft:iron_pickaxe":3,"minecraft:iron_shovel":1,"minecraft:iron_leggings":2,"minecraft:torch":148},"minecraft:killed_by":{"minecraft:blaze":1}},"DataVersion":3465}