{"stats":{"minecraft:broken":{"minecraft:stone_pickaxe":3},"minecraft:custom":{"minecraft:mob_kills":60,"minecraft:interact_with_crafting_table":33,"minecraft:time_since_death":179482,"minecraft:sprint_one_cm":362275,"minecraft:walk_one_cm":620268,"minecraft:damage_blocked_by_shield":1980,"minecraft:drop":10,"minecraft:play_time":179482,"minecraft:sneak_time":1213,"minecraft:walk_under_water_one_cm":20609,"minecraft:boat_one_cm":111581,"minecraft:jump":3426,"minecraft:walk_on_water_one_cm":29677,"minecraft:total_world_time":179482,"minecraft:interact_with_furnace":25,"minecraft:interact_with_stonecutter":1,"minecraft:time_since_rest":179482,"minecraft:damage_taken":1725,"minecraft:damage_dealt":9954,"minecraft:swim_one_cm":14303,"minecraft:fly_one_cm":527874,"minecraft:open_chest":36,"minecraft:crouch_one_cm":2152,"minecraft:fall_one_cm":80014},"minecraft:crafted":{"minecraft:oak_planks":116,"minecraft:stone_shovel":1,"minecraft:oak_sign":3,"minecraft:dark_oak_boat":1,"minecraft:furnace":3,"minecraft:cobblestone_stairs":40,"minecraft:stone":2,"minecraft:bone_meal":21,"minecraft:diamond_shovel":1,"minecraft:iron_boots":2,"minecraft:iron_axe":1,"minecraft:iron_hoe":1,"minecraft:stone_pickaxe":3,"minecraft:chest":4,"minecraft:dark_oak_planks":16,"minecraft:wheat":369,"minecraft:diamond_sword":1,"minecraft:diamond_axe":1,"minecraft:crafting_table":3,"minecraft:enchanting_table":1,"minecraft:wooden_pickaxe":1,"minecraft:iron_helmet":2,"minecraft:iron_sword":1,"minecraft:bucket":1,"minecraft:stone_axe":1,"minecraft:bread":123,"minecraft:air":0,"minecraft:book":1,"minecraft:wooden_hoe":1,"minecraft:white_wool":1,"minecraft:iron_chestplate":2,"minecraft:paper":3,"minecraft:diamond_pickaxe":1,"minecraft:shield":2,"minecraft:stick":88,"minecraft:iron_ingot":73,"minecraft:iron_pickaxe":1,"minecraft:wooden_axe":2,"minecraft:iron_leggings":2,"minecraft:stonecutter":1,"minecraft:torch":284},"minecraft:used":{"minecraft:enchanting_table":1,"minecraft:stone_shovel":38,"minecraft:oak_sign":1,"minecraft:chest":4,"minecraft:shield":52,"minecraft:stone":1,"minecraft:iron_sword":113,"minecraft:torch":289,"minecraft:carrot":45,"minecraft:granite":1,"minecraft:iron_hoe":83,"minecraft:wooden_axe":31,"minecraft:iron_axe":46,"minecraft:dark_oak_boat":3,"minecraft:furnace":3,"minecraft:oak_sapling":2,"minecraft:cobbled_deepslate":3,"minecraft:dark_oak_sapling":4,"minecraft:wheat_seeds":21,"minecraft:water_bucket":5,"minecraft:diorite":45,"minecraft:cobblestone_stairs":67,"minecraft:stone_pickaxe":393,"minecraft:oak_planks":2,"minecraft:wooden_pickaxe":20,"minecraft:diamond_axe":294,"minecraft:stonecutter":1,"minecraft:sugar_cane":3,"minecraft:crafting_table":4,"minecraft:wooden_hoe":44,"minecraft:diamond_pickaxe":97,"minecraft:diamond_shovel":170,"minecraft:dark_oak_log":3,"minecraft:bread":45,"minecraft:iron_pickaxe":173,"minecraft:stone_axe":21,"minecraft:diamond_sword":41,"minecraft:cobblestone":5,"minecraft:bucket":6,"minecraft:bone_meal":9},"minecraft:picked_up":{"minecraft:wooden_axe":1,"minecraft:crafting_table":1,"minecraft:wheat":1,"minecraft:enchanted_book":1,"minecraft:string":4,"minecraft:raw_copper":1,"minecraft:cobbled_deepslate":60,"minecraft:sugar_cane":30,"minecraft:iron_boots":1,"minecraft:egg":6,"minecraft:dark_oak_sapling":29,"minecraft:stick":23,"minecraft:raw_iron":97,"minecraft:stone":2,"minecraft:torch":5,"minecraft:porkchop":8,"minecraft:diorite":61,"minecraft:carrot":45,"minecraft:redstone":24,"minecraft:arrow":15,"minecraft:rotten_flesh":45,"minecraft:beetroot_seeds":5,"minecraft:hay_block":41,"minecraft:mutton":5,"minecraft:obsidian":6,"minecraft:cobblestone":277,"minecraft:white_wool":2,"minecraft:andesite":49,"minecraft:leather":1,"minecraft:dark_oak_boat":2,"minecraft:potato":4,"minecraft:tuff":3,"minecraft:oak_log":29,"minecraft:gunpowder":2,"minecraft:cobblestone_stairs":4,"minecraft:dirt":222,"minecraft:lapis_lazuli":30,"minecraft:bone":12,"minecraft:apple":4,"minecraft:wheat_seeds":32,"minecraft:raw_gold":26,"minecraft:iron_ingot":1,"minecraft:oak_planks":4,"minecraft:dark_oak_log":323,"minecraft:spider_eye":1,"minecraft:diamond":12,"minecraft:iron_helmet":1,"minecraft:granite":6,"minecraft:bread":19,"minecraft:oak_sapling":2,"minecraft:black_wool":1,"minecraft:coal":81},"minecraft:killed":{"minecraft:spider":4,"minecraft:horse":1,"minecraft:skeleton":12,"minecraft:pig":4,"minecraft:sheep":3,"minecraft:zombie":35},"minecraft:mined":{"minecraft:tuff":3,"minecraft:dark_oak_leaves":40,"minecraft:deepslate_diamond_ore":12,"minecraft:cobblestone_stairs":4,"minecraft:dark_oak_log":323,"minecraft:obsidian":8,"minecraft:granite":6,"minecraft:grass_block":200,"minecraft:hay_block":43,"minecraft:carrots":35,"minecraft:iron_ore":57,"minecraft:andesite":49,"minecraft:deepslate_lapis_ore":6,"minecraft:potatoes":4,"minecraft:deepslate_iron_ore":41,"minecraft:stone":266,"minecraft:deepslate_redstone_ore":5,"minecraft:crafting_table":2,"minecraft:tall_grass":57,"minecraft:deepslate_gold_ore":15,"minecraft:sugar_cane":11,"minecraft:oak_planks":2,"minecraft:diorite":61,"minecraft:wheat":5,"minecraft:grass":210,"minecraft:oak_log":31,"minecraft:coal_ore":82,"minecraft:beetroots":5,"minecraft:dirt":16,"minecraft:gold_ore":11,"minecraft:oak_leaves":10,"minecraft:deepslate":39},"minecraft:dropped":{"minecraft:enchanted_book":1,"minecraft:iron_ingot":10,"minecraft:bread":22,"minecraft:iron_helmet":1,"minecraft:wooden_axe":2,"minecraft:iron_pickaxe":1,"minecraft:raw_iron":13,"minecraft:iron_boots":1}},"DataVersion":3465}