{"stats":{"minecraft:dropped":{"minecraft:moss_carpet":4,"minecraft:diamond":1,"minecraft:raw_iron":12,"minecraft:azure_bluet":1,"minecraft:stick":7,"minecraft:poppy":2,"minecraft:dirt":9,"minecraft:birch_log":23},"minecraft:picked_up":{"minecraft:birch_log":50,"minecraft:crafting_table":2,"minecraft:azure_bluet":1,"minecraft:feather":1,"minecraft:chicken":3,"minecraft:clay_ball":12,"minecraft:glow_ink_sac":4,"minecraft:leather":1,"minecraft:oak_log":17,"minecraft:yellow_bed":1,"minecraft:dirt":25,"minecraft:moss_carpet":8,"minecraft:raw_copper":60,"minecraft:wheat_seeds":8,"minecraft:smooth_stone":8,"minecraft:raw_gold":2,"minecraft:beef":1,"minecraft:stone_pickaxe":1,"minecraft:cobblestone_slab":5,"minecraft:poppy":2,"minecraft:iron_pickaxe":1,"minecraft:moss_block":17,"minecraft:flowering_azalea":1,"minecraft:egg":1,"minecraft:stick":18,"minecraft:raw_iron":24,"minecraft:big_dripleaf":1,"minecraft:dandelion":13,"minecraft:porkchop":5,"minecraft:diorite":7,"minecraft:mossy_cobblestone":1,"minecraft:tropical_fish":7,"minecraft:cherry_sapling":4,"minecraft:oak_sapling":6,"minecraft:glow_berries":8,"minecraft:coal":33,"minecraft:cobblestone":261,"minecraft:oxeye_daisy":5},"minecraft:broken":{"minecraft:stone_pickaxe":1,"minecraft:iron_pickaxe":1},"minecraft:killed":{"minecraft:pig":2,"minecraft:zombie":2,"minecraft:chicken":3,"minecraft:tropical_fish":1,"minecraft:cow":1},"minecraft:mined":{"minecraft:flowering_azalea":1,"minecraft:glass_pane":2,"minecraft:mossy_cobblestone":1,"minecraft:dandelion":14,"minecraft:clay":3,"minecraft:crafting_table":2,"minecraft:cave_vines_plant":1,"minecraft:grass_block":5,"minecraft:poppy":2,"minecraft:cobblestone":69,"minecraft:tall_grass":3,"minecraft:copper_ore":19,"minecraft:lapis_ore":1,"minecraft:moss_block":18,"minecraft:diorite":7,"minecraft:oxeye_daisy":5,"minecraft:big_dripleaf":1,"minecraft:smooth_stone":8,"minecraft:birch_log":24,"minecraft:iron_ore":12,"minecraft:birch_leaves":9,"minecraft:moss_carpet":1,"minecraft:yellow_bed":1,"minecraft:azure_bluet":1,"minecraft:grass":82,"minecraft:oak_log":11,"minecraft:coal_ore":33,"minecraft:cave_vines":16,"minecraft:cobblestone_slab":5,"minecraft:dirt_path":3,"minecraft:cherry_leaves":3,"minecraft:dirt":3,"minecraft:stone":202,"minecraft:gold_ore":2,"minecraft:oak_leaves":8},"minecraft:custom":{"minecraft:mob_kills":9,"minecraft:interact_with_crafting_table":13,"minecraft:leave_game":1,"minecraft:time_since_death":56427,"minecraft:sleep_in_bed":1,"minecraft:climb_one_cm":1360,"minecraft:time_since_rest":7335,"minecraft:sprint_one_cm":66597,"minecraft:damage_taken":250,"minecraft:walk_one_cm":254780,"minecraft:drop":8,"minecraft:damage_dealt":858,"minecraft:talked_to_villager":3,"minecraft:fly_one_cm":52499,"minecraft:open_chest":1,"minecraft:crouch_one_cm":312,"minecraft:play_time":56427,"minecraft:sneak_time":160,"minecraft:walk_under_water_one_cm":4133,"minecraft:jump":462,"minecraft:walk_on_water_one_cm":12845,"minecraft:total_world_time":56427,"minecraft:fall_one_cm":4882},"minecraft:used":{"minecraft:spruce_door":4,"minecraft:tropical_fish":7,"minecraft:stone_pickaxe":230,"minecraft:chest":1,"minecraft:cobblestone_slab":5,"minecraft:mossy_cobblestone":1,"minecraft:dirt":8,"minecraft:crafting_table":1,"minecraft:oak_log":1,"minecraft:iron_pickaxe":293,"minecraft:stone_axe":85,"minecraft:cobblestone":159,"minecraft:furnace":2,"minecraft:porkchop":3},"minecraft:crafted":{"minecraft:oak_planks":36,"minecraft:cobblestone_slab":54,"minecraft:furnace":2,"minecraft:cobblestone_stairs":12,"minecraft:stone_axe":1,"minecraft:stone_pickaxe":1,"minecraft:cobblestone_wall":18,"minecraft:chest":1}},"DataVersion":3465}