{"stats":{"minecraft:dropped":{"minecraft:moss_carpet":4,"minecraft:diamond":1,"minecraft:raw_iron":12,"minecraft:azure_bluet":1,"minecraft:stick":7,"minecraft:poppy":2,"minecraft:dirt":9,"minecraft:birch_log":23},"minecraft:picked_up":{"minecraft:birch_log":50,"minecraft:pink_petals":6,"minecraft:crafting_table":2,"minecraft:wheat":4,"minecraft:azure_bluet":1,"minecraft:feather":1,"minecraft:lilac":1,"minecraft:chicken":3,"minecraft:clay_ball":12,"minecraft:glow_ink_sac":4,"minecraft:andesite":18,"minecraft:leather":1,"minecraft:potato":10,"minecraft:oak_stairs":51,"minecraft:oak_log":68,"minecraft:yellow_bed":1,"minecraft:cobblestone_stairs":1,"minecraft:dirt":25,"minecraft:moss_carpet":8,"minecraft:raw_copper":60,"minecraft:beetroot":2,"minecraft:wheat_seeds":27,"minecraft:smooth_stone":8,"minecraft:raw_gold":2,"minecraft:beef":1,"minecraft:stone_pickaxe":1,"minecraft:stripped_oak_wood":1,"minecraft:cobblestone_slab":5,"minecraft:poppy":2,"minecraft:iron_pickaxe":1,"minecraft:moss_block":17,"minecraft:chest":2,"minecraft:oak_planks":8,"minecraft:flowering_azalea":1,"minecraft:egg":1,"minecraft:stick":19,"minecraft:raw_iron":26,"minecraft:oak_door":2,"minecraft:big_dripleaf":1,"minecraft:oak_fence":2,"minecraft:torch":6,"minecraft:dandelion":13,"minecraft:gravel":3,"minecraft:porkchop":5,"minecraft:diorite":7,"minecraft:carrot":9,"minecraft:mossy_cobblestone":4,"minecraft:rotten_flesh":5,"minecraft:tropical_fish":7,"minecraft:beetroot_seeds":7,"minecraft:granite":1,"minecraft:cherry_sapling":4,"minecraft:oak_sapling":8,"minecraft:glow_berries":8,"minecraft:coal":36,"minecraft:cobblestone":309,"minecraft:oxeye_daisy":5},"minecraft:broken":{"minecraft:stone_pickaxe":2,"minecraft:stone_axe":1,"minecraft:iron_pickaxe":1},"minecraft:killed":{"minecraft:pig":2,"minecraft:zombie":2,"minecraft:chicken":3,"minecraft:tropical_fish":1,"minecraft:cow":1},"minecraft:mined":{"minecraft:flowering_azalea":1,"minecraft:glass_pane":5,"minecraft:mossy_cobblestone":4,"minecraft:oak_door":2,"minecraft:cobblestone_stairs":1,"minecraft:dandelion":14,"minecraft:oak_fence":3,"minecraft:clay":3,"minecraft:crafting_table":2,"minecraft:cave_vines_plant":1,"minecraft:granite":1,"minecraft:grass_block":5,"minecraft:poppy":2,"minecraft:chest":2,"minecraft:cobblestone":109,"minecraft:tall_grass":4,"minecraft:copper_ore":19,"minecraft:oak_planks":8,"minecraft:lapis_ore":1,"minecraft:moss_block":18,"minecraft:diorite":7,"minecraft:oxeye_daisy":5,"minecraft:big_dripleaf":1,"minecraft:pink_petals":2,"minecraft:smooth_stone":8,"minecraft:carrots":5,"minecraft:birch_log":24,"minecraft:iron_ore":14,"minecraft:wheat":9,"minecraft:lilac":2,"minecraft:andesite":18,"minecraft:stripped_oak_wood":1,"minecraft:birch_leaves":9,"minecraft:moss_carpet":1,"minecraft:yellow_bed":1,"minecraft:azure_bluet":1,"minecraft:grass":95,"minecraft:potatoes":3,"minecraft:oak_log":66,"minecraft:coal_ore":42,"minecraft:beetroots":4,"minecraft:cave_vines":16,"minecraft:cobblestone_slab":5,"minecraft:dirt_path":3,"minecraft:oak_stairs":58,"minecraft:cherry_leaves":3,"minecraft:gravel":3,"minecraft:dirt":3,"minecraft:stone":215,"minecraft:gold_ore":2,"minecraft:oak_leaves":26},"minecraft:custom":{"minecraft:interact_with_furnace":1,"minecraft:mob_kills":9,"minecraft:interact_with_crafting_table":22,"minecraft:bell_ring":38,"minecraft:leave_game":1,"minecraft:time_since_death":92427,"minecraft:sleep_in_bed":2,"minecraft:climb_one_cm":2476,"minecraft:time_since_rest":5094,"minecraft:sprint_one_cm":110896,"minecraft:damage_taken":395,"minecraft:walk_one_cm":427344,"minecraft:drop":8,"minecraft:damage_dealt":868,"minecraft:talked_to_villager":5,"minecraft:fly_one_cm":57757,"minecraft:open_chest":11,"minecraft:crouch_one_cm":312,"minecraft:play_time":92427,"minecraft:sneak_time":160,"minecraft:walk_under_water_one_cm":4336,"minecraft:jump":683,"minecraft:walk_on_water_one_cm":15355,"minecraft:total_world_time":92427,"minecraft:fall_one_cm":7029},"minecraft:used":{"minecraft:spruce_door":4,"minecraft:tropical_fish":7,"minecraft:stone_pickaxe":331,"minecraft:chest":3,"minecraft:cobblestone_slab":5,"minecraft:torch":3,"minecraft:mossy_cobblestone":1,"minecraft:dirt":8,"minecraft:crafting_table":2,"minecraft:carrot":9,"minecraft:smoker":2,"minecraft:oak_log":11,"minecraft:oak_stairs":18,"minecraft:bread":4,"minecraft:iron_pickaxe":293,"minecraft:gravel":3,"minecraft:stone_axe":240,"minecraft:cobblestone":173,"minecraft:oak_sapling":2,"minecraft:furnace":3,"minecraft:porkchop":3,"minecraft:beetroot_seeds":7,"minecraft:yellow_bed":1,"minecraft:potato":8},"minecraft:crafted":{"minecraft:oak_planks":40,"minecraft:cobblestone_slab":54,"minecraft:furnace":5,"minecraft:cobblestone_stairs":12,"minecraft:oak_wood":30,"minecraft:stone_axe":3,"minecraft:bread":1,"minecraft:stick":8,"minecraft:stone_pickaxe":3,"minecraft:cobblestone_wall":18,"minecraft:chest":1,"minecraft:smoker":2}},"DataVersion":3465}