{"stats":{"minecraft:dropped":{"minecraft:diamond":1},"minecraft:picked_up":{"minecraft:birch_log":27,"minecraft:crafting_table":2,"minecraft:azure_bluet":1,"minecraft:feather":1,"minecraft:chicken":3,"minecraft:clay_ball":12,"minecraft:glow_ink_sac":4,"minecraft:leather":1,"minecraft:oak_log":8,"minecraft:yellow_bed":1,"minecraft:dirt":13,"minecraft:moss_carpet":4,"minecraft:raw_copper":60,"minecraft:wheat_seeds":8,"minecraft:raw_gold":2,"minecraft:beef":1,"minecraft:stone_pickaxe":1,"minecraft:poppy":2,"minecraft:iron_pickaxe":1,"minecraft:moss_block":17,"minecraft:flowering_azalea":1,"minecraft:egg":1,"minecraft:stick":11,"minecraft:raw_iron":12,"minecraft:big_dripleaf":1,"minecraft:dandelion":13,"minecraft:porkchop":5,"minecraft:diorite":7,"minecraft:tropical_fish":7,"minecraft:cherry_sapling":4,"minecraft:oak_sapling":6,"minecraft:glow_berries":8,"minecraft:coal":33,"minecraft:cobblestone":199,"minecraft:oxeye_daisy":5},"minecraft:broken":{"minecraft:stone_pickaxe":1,"minecraft:iron_pickaxe":1},"minecraft:killed":{"minecraft:pig":2,"minecraft:zombie":2,"minecraft:chicken":3,"minecraft:tropical_fish":1,"minecraft:cow":1},"minecraft:mined":{"minecraft:flowering_azalea":1,"minecraft:dandelion":14,"minecraft:clay":3,"minecraft:crafting_table":2,"minecraft:cave_vines_plant":1,"minecraft:grass_block":5,"minecraft:poppy":2,"minecraft:cobblestone":6,"minecraft:tall_grass":3,"minecraft:copper_ore":19,"minecraft:lapis_ore":1,"minecraft:moss_block":18,"minecraft:diorite":7,"minecraft:oxeye_daisy":5,"minecraft:big_dripleaf":1,"minecraft:birch_log":24,"minecraft:iron_ore":12,"minecraft:birch_leaves":9,"minecraft:moss_carpet":1,"minecraft:yellow_bed":1,"minecraft:azure_bluet":1,"minecraft:grass":78,"minecraft:oak_log":8,"minecraft:coal_ore":33,"minecraft:cave_vines":16,"minecraft:dirt_path":3,"minecraft:cherry_leaves":3,"minecraft:stone":202,"minecraft:gold_ore":2,"minecraft:oak_leaves":8},"minecraft:custom":{"minecraft:mob_kills":9,"minecraft:interact_with_crafting_table":6,"minecraft:leave_game":1,"minecraft:time_since_death":44427,"minecraft:climb_one_cm":1360,"minecraft:time_since_rest":44427,"minecraft:sprint_one_cm":66597,"minecraft:damage_taken":230,"minecraft:walk_one_cm":196635,"minecraft:drop":1,"minecraft:damage_dealt":858,"minecraft:talked_to_villager":3,"minecraft:fly_one_cm":52473,"minecraft:crouch_one_cm":279,"minecraft:play_time":44427,"minecraft:sneak_time":143,"minecraft:walk_under_water_one_cm":4133,"minecraft:jump":424,"minecraft:walk_on_water_one_cm":12845,"minecraft:total_world_time":44427,"minecraft:fall_one_cm":4478},"minecraft:used":{"minecraft:spruce_door":4,"minecraft:tropical_fish":7,"minecraft:stone_pickaxe":148,"minecraft:dirt":5,"minecraft:crafting_table":1,"minecraft:iron_pickaxe":293,"minecraft:stone_axe":78,"minecraft:cobblestone":92,"minecraft:furnace":2,"minecraft:porkchop":3},"minecraft:crafted":{"minecraft:furnace":2,"minecraft:stone_axe":1}},"DataVersion":3465}