{"stats":{"minecraft:dropped":{"minecraft:diamond":1,"minecraft:stick":7,"minecraft:dirt":9,"minecraft:birch_log":23,"minecraft:moss_carpet":4,"minecraft:raw_iron":12,"minecraft:azure_bluet":1,"minecraft:poppy":2},"minecraft:broken":{"minecraft:stone_pickaxe":2,"minecraft:stone_axe":1,"minecraft:iron_pickaxe":1},"minecraft:picked_up":{"minecraft:iron_chestplate":1,"minecraft:crafting_table":2,"minecraft:wheat":4,"minecraft:azure_bluet":1,"minecraft:chicken":3,"minecraft:clay_ball":12,"minecraft:oak_stairs":51,"minecraft:shield":1,"minecraft:moss_carpet":8,"minecraft:raw_copper":60,"minecraft:iron_leggings":1,"minecraft:beetroot":2,"minecraft:smooth_stone":8,"minecraft:cobbled_deepslate":4,"minecraft:beef":1,"minecraft:cobblestone_slab":5,"minecraft:poppy":2,"minecraft:iron_pickaxe":1,"minecraft:chest":2,"minecraft:iron_boots":1,"minecraft:egg":1,"minecraft:stick":19,"minecraft:raw_iron":39,"minecraft:oak_door":2,"minecraft:big_dripleaf":1,"minecraft:oak_fence":2,"minecraft:torch":6,"minecraft:porkchop":5,"minecraft:diorite":8,"minecraft:carrot":9,"minecraft:rotten_flesh":5,"minecraft:tropical_fish":7,"minecraft:beetroot_seeds":7,"minecraft:glow_berries":8,"minecraft:cobblestone":342,"minecraft:oxeye_daisy":5,"minecraft:birch_log":50,"minecraft:pink_petals":6,"minecraft:feather":1,"minecraft:lilac":1,"minecraft:glow_ink_sac":4,"minecraft:andesite":20,"minecraft:leather":1,"minecraft:potato":10,"minecraft:oak_log":68,"minecraft:yellow_bed":1,"minecraft:cobblestone_stairs":1,"minecraft:dirt":32,"minecraft:wheat_seeds":27,"minecraft:raw_gold":2,"minecraft:stone_pickaxe":1,"minecraft:stripped_oak_wood":1,"minecraft:iron_sword":1,"minecraft:moss_block":17,"minecraft:flowering_azalea":1,"minecraft:oak_planks":8,"minecraft:dandelion":13,"minecraft:gravel":4,"minecraft:mossy_cobblestone":4,"minecraft:iron_helmet":1,"minecraft:granite":1,"minecraft:cherry_sapling":4,"minecraft:oak_sapling":8,"minecraft:coal":45},"minecraft:killed":{"minecraft:chicken":3,"minecraft:tropical_fish":1,"minecraft:pig":2,"minecraft:zombie":2,"minecraft:cow":1},"minecraft:mined":{"minecraft:mossy_cobblestone":4,"minecraft:oak_door":2,"minecraft:cobblestone_stairs":1,"minecraft:cave_vines_plant":1,"minecraft:granite":1,"minecraft:grass_block":5,"minecraft:moss_block":18,"minecraft:oxeye_daisy":5,"minecraft:smooth_stone":8,"minecraft:carrots":5,"minecraft:iron_ore":26,"minecraft:fire":1,"minecraft:andesite":20,"minecraft:moss_carpet":1,"minecraft:azure_bluet":1,"minecraft:potatoes":3,"minecraft:dirt_path":3,"minecraft:cave_vines":16,"minecraft:deepslate_iron_ore":1,"minecraft:cobblestone_slab":5,"minecraft:oak_stairs":58,"minecraft:stone":248,"minecraft:flowering_azalea":1,"minecraft:glass_pane":5,"minecraft:dandelion":14,"minecraft:oak_fence":3,"minecraft:clay":3,"minecraft:crafting_table":2,"minecraft:poppy":2,"minecraft:chest":2,"minecraft:copper_ore":19,"minecraft:tall_grass":4,"minecraft:cobblestone":109,"minecraft:lapis_ore":1,"minecraft:oak_planks":8,"minecraft:diorite":8,"minecraft:big_dripleaf":1,"minecraft:pink_petals":2,"minecraft:birch_log":24,"minecraft:wheat":9,"minecraft:lilac":2,"minecraft:birch_leaves":9,"minecraft:stripped_oak_wood":1,"minecraft:yellow_bed":1,"minecraft:grass":95,"minecraft:coal_ore":45,"minecraft:oak_log":66,"minecraft:beetroots":4,"minecraft:cherry_leaves":3,"minecraft:gravel":4,"minecraft:dirt":10,"minecraft:gold_ore":2,"minecraft:oak_leaves":26,"minecraft:deepslate":4},"minecraft:custom":{"minecraft:mob_kills":9,"minecraft:interact_with_crafting_table":24,"minecraft:bell_ring":38,"minecraft:leave_game":1,"minecraft:time_since_death":104427,"minecraft:climb_one_cm":2476,"minecraft:sprint_one_cm":140033,"minecraft:walk_one_cm":477836,"minecraft:drop":8,"minecraft:talked_to_villager":5,"minecraft:play_time":104427,"minecraft:sneak_time":320,"minecraft:walk_under_water_one_cm":4336,"minecraft:jump":760,"minecraft:interact_with_blast_furnace":2,"minecraft:walk_on_water_one_cm":15355,"minecraft:enchant_item":1,"minecraft:total_world_time":104427,"minecraft:interact_with_furnace":1,"minecraft:sleep_in_bed":2,"minecraft:time_since_rest":17094,"minecraft:damage_taken":558,"minecraft:damage_dealt":917,"minecraft:fly_one_cm":58930,"minecraft:open_chest":20,"minecraft:crouch_one_cm":470,"minecraft:fall_one_cm":7238},"minecraft:used":{"minecraft:tropical_fish":7,"minecraft:chest":3,"minecraft:iron_sword":4,"minecraft:torch":4,"minecraft:dirt":22,"minecraft:carrot":11,"minecraft:oak_stairs":18,"minecraft:beef":4,"minecraft:furnace":3,"minecraft:oak_sapling":2,"minecraft:beetroot_seeds":7,"minecraft:potato":8,"minecraft:spruce_door":4,"minecraft:stone_pickaxe":395,"minecraft:cobblestone_slab":5,"minecraft:mossy_cobblestone":1,"minecraft:crafting_table":2,"minecraft:smoker":2,"minecraft:oak_log":11,"minecraft:bread":4,"minecraft:iron_pickaxe":293,"minecraft:gravel":3,"minecraft:stone_axe":240,"minecraft:cobblestone":173,"minecraft:porkchop":3,"minecraft:andesite":11,"minecraft:yellow_bed":1},"minecraft:crafted":{"minecraft:oak_planks":40,"minecraft:cobblestone_slab":54,"minecraft:furnace":5,"minecraft:cobblestone_stairs":12,"minecraft:stone_pickaxe":3,"minecraft:cobblestone_wall":18,"minecraft:chest":1,"minecraft:smoker":2,"minecraft:oak_wood":30,"minecraft:stone_axe":3,"minecraft:bread":1,"minecraft:stick":8}},"DataVersion":3465}