{"stats":{"minecraft:dropped":{"minecraft:diamond":1},"minecraft:picked_up":{"minecraft:birch_log":27,"minecraft:crafting_table":1,"minecraft:stick":9,"minecraft:raw_iron":12,"minecraft:clay_ball":12,"minecraft:glow_ink_sac":4,"minecraft:big_dripleaf":1,"minecraft:porkchop":5,"minecraft:diorite":7,"minecraft:yellow_bed":1,"minecraft:dirt":9,"minecraft:moss_carpet":4,"minecraft:raw_copper":23,"minecraft:tropical_fish":7,"minecraft:wheat_seeds":1,"minecraft:raw_gold":2,"minecraft:stone_pickaxe":1,"minecraft:oak_sapling":4,"minecraft:cherry_sapling":4,"minecraft:iron_pickaxe":1,"minecraft:moss_block":17,"minecraft:glow_berries":8,"minecraft:flowering_azalea":1,"minecraft:coal":22,"minecraft:cobblestone":64,"minecraft:oxeye_daisy":1},"minecraft:broken":{"minecraft:stone_pickaxe":1},"minecraft:killed":{"minecraft:pig":2,"minecraft:zombie":2,"minecraft:tropical_fish":1},"minecraft:mined":{"minecraft:flowering_azalea":1,"minecraft:birch_log":24,"minecraft:iron_ore":12,"minecraft:birch_leaves":9,"minecraft:moss_carpet":1,"minecraft:yellow_bed":1,"minecraft:clay":3,"minecraft:crafting_table":1,"minecraft:cave_vines_plant":1,"minecraft:grass":25,"minecraft:grass_block":1,"minecraft:coal_ore":22,"minecraft:cave_vines":16,"minecraft:dirt_path":3,"minecraft:cherry_leaves":3,"minecraft:copper_ore":9,"minecraft:tall_grass":2,"minecraft:lapis_ore":1,"minecraft:stone":73,"minecraft:moss_block":18,"minecraft:oxeye_daisy":1,"minecraft:gold_ore":2,"minecraft:diorite":7,"minecraft:big_dripleaf":1},"minecraft:custom":{"minecraft:time_since_rest":32427,"minecraft:sprint_one_cm":59023,"minecraft:damage_taken":220,"minecraft:walk_one_cm":120060,"minecraft:mob_kills":5,"minecraft:drop":1,"minecraft:damage_dealt":638,"minecraft:talked_to_villager":2,"minecraft:interact_with_crafting_table":2,"minecraft:fly_one_cm":51479,"minecraft:crouch_one_cm":279,"minecraft:play_time":32427,"minecraft:sneak_time":143,"minecraft:walk_under_water_one_cm":4133,"minecraft:jump":350,"minecraft:leave_game":1,"minecraft:walk_on_water_one_cm":12845,"minecraft:time_since_death":32427,"minecraft:climb_one_cm":1360,"minecraft:total_world_time":32427,"minecraft:fall_one_cm":3874},"minecraft:used":{"minecraft:spruce_door":4,"minecraft:tropical_fish":7,"minecraft:stone_pickaxe":148,"minecraft:iron_pickaxe":65,"minecraft:stone_axe":46,"minecraft:dirt":2,"minecraft:cobblestone":2,"minecraft:porkchop":3},"minecraft:crafted":{"minecraft:stone_axe":1}},"DataVersion":3465}