{"stats":{"minecraft:dropped":{"minecraft:diamond":1},"minecraft:picked_up":{"minecraft:birch_log":6,"minecraft:raw_iron":12,"minecraft:clay_ball":12,"minecraft:glow_ink_sac":4,"minecraft:big_dripleaf":1,"minecraft:porkchop":4,"minecraft:diorite":7,"minecraft:dirt":3,"minecraft:moss_carpet":4,"minecraft:raw_copper":23,"minecraft:tropical_fish":7,"minecraft:raw_gold":2,"minecraft:stone_pickaxe":1,"minecraft:iron_pickaxe":1,"minecraft:moss_block":17,"minecraft:glow_berries":8,"minecraft:flowering_azalea":1,"minecraft:coal":20,"minecraft:cobblestone":34},"minecraft:killed":{"minecraft:pig":2,"minecraft:zombie":1,"minecraft:tropical_fish":1},"minecraft:mined":{"minecraft:flowering_azalea":1,"minecraft:birch_log":2,"minecraft:iron_ore":12,"minecraft:birch_leaves":2,"minecraft:moss_carpet":1,"minecraft:clay":3,"minecraft:cave_vines_plant":1,"minecraft:grass":11,"minecraft:coal_ore":20,"minecraft:cave_vines":16,"minecraft:copper_ore":9,"minecraft:tall_grass":2,"minecraft:lapis_ore":1,"minecraft:stone":34,"minecraft:moss_block":18,"minecraft:gold_ore":2,"minecraft:diorite":7,"minecraft:big_dripleaf":1},"minecraft:custom":{"minecraft:time_since_rest":20427,"minecraft:sprint_one_cm":16087,"minecraft:damage_taken":105,"minecraft:walk_one_cm":56793,"minecraft:mob_kills":4,"minecraft:drop":1,"minecraft:damage_dealt":437,"minecraft:interact_with_crafting_table":1,"minecraft:fly_one_cm":42145,"minecraft:crouch_one_cm":279,"minecraft:play_time":20427,"minecraft:sneak_time":143,"minecraft:walk_under_water_one_cm":1730,"minecraft:jump":186,"minecraft:leave_game":1,"minecraft:walk_on_water_one_cm":12013,"minecraft:time_since_death":20427,"minecraft:total_world_time":20427,"minecraft:fall_one_cm":2389},"minecraft:used":{"minecraft:spruce_door":4,"minecraft:tropical_fish":1,"minecraft:stone_pickaxe":98,"minecraft:iron_pickaxe":64,"minecraft:dirt":2,"minecraft:cobblestone":2}},"DataVersion":3465}