{"stats":{"minecraft:dropped":{"minecraft:diamond":1},"minecraft:picked_up":{"minecraft:birch_log":4,"minecraft:big_dripleaf":1,"minecraft:moss_block":5,"minecraft:dirt":3,"minecraft:moss_carpet":3},"minecraft:mined":{"minecraft:grass":1,"minecraft:moss_block":6,"minecraft:big_dripleaf":1},"minecraft:custom":{"minecraft:time_since_rest":8427,"minecraft:crouch_one_cm":279,"minecraft:sprint_one_cm":4810,"minecraft:play_time":8427,"minecraft:damage_taken":35,"minecraft:walk_one_cm":13396,"minecraft:sneak_time":143,"minecraft:drop":1,"minecraft:jump":56,"minecraft:damage_dealt":20,"minecraft:leave_game":1,"minecraft:time_since_death":8427,"minecraft:walk_on_water_one_cm":781,"minecraft:total_world_time":8427,"minecraft:fall_one_cm":803,"minecraft:fly_one_cm":37845},"minecraft:used":{"minecraft:spruce_door":4}},"DataVersion":3465}