{"stats":{"minecraft:crafted":{"minecraft:oak_planks":66,"minecraft:cooked_porkchop":6,"minecraft:crafting_table":1,"minecraft:stone":2,"minecraft:stone_axe":1,"minecraft:stick":32},"minecraft:broken":{"minecraft:wooden_axe":1,"minecraft:wooden_pickaxe":1},"minecraft:killed_by":{"minecraft:skeleton":3,"minecraft:zombie":1},"minecraft:mined":{"minecraft:crafting_table":1,"minecraft:glow_lichen":1,"minecraft:grass_block":11,"minecraft:cobblestone":1,"minecraft:tall_grass":1,"minecraft:grass":22,"minecraft:oak_log":46,"minecraft:gravel":1,"minecraft:dirt":9,"minecraft:stone":4,"minecraft:oak_leaves":18},"minecraft:killed":{"minecraft:pig":1,"minecraft:salmon":12,"minecraft:spider":1,"minecraft:squid":3,"minecraft:skeleton":1,"minecraft:sheep":3,"minecraft:zombie":6,"minecraft:glow_squid":1,"minecraft:cow":2},"minecraft:used":{"minecraft:shield":9,"minecraft:wooden_pickaxe":32,"minecraft:iron_sword":65,"minecraft:torch":1,"minecraft:dirt":23,"minecraft:mutton":2,"minecraft:crafting_table":2,"minecraft:obsidian":2,"minecraft:wooden_axe":33,"minecraft:lava_bucket":3,"minecraft:apple":2,"minecraft:bread":13,"minecraft:iron_pickaxe":1,"minecraft:gravel":1,"minecraft:stone_axe":49,"minecraft:cobblestone":1,"minecraft:cooked_porkchop":1,"minecraft:bucket":4,"minecraft:egg":1,"minecraft:cobbled_deepslate":2},"minecraft:dropped":{"minecraft:stone_axe":1,"minecraft:wheat_seeds":1,"minecraft:rotten_flesh":2,"minecraft:oak_planks":2,"minecraft:dirt":7,"minecraft:stone":2,"minecraft:wooden_axe":1,"minecraft:wooden_pickaxe":1,"minecraft:white_wool":1},"minecraft:custom":{"minecraft:interact_with_furnace":8,"minecraft:mob_kills":32,"minecraft:interact_with_crafting_table":7,"minecraft:bell_ring":1,"minecraft:interact_with_stonecutter":1,"minecraft:leave_game":1,"minecraft:time_since_death":3249,"minecraft:sleep_in_bed":4,"minecraft:time_since_rest":3304,"minecraft:sprint_one_cm":645,"minecraft:damage_taken":2717,"minecraft:walk_one_cm":1369729,"minecraft:damage_blocked_by_shield":205,"minecraft:drop":12,"minecraft:damage_dealt":3514,"minecraft:fly_one_cm":4407,"minecraft:talked_to_villager":19,"minecraft:open_chest":37,"minecraft:crouch_one_cm":208,"minecraft:play_time":166942,"minecraft:deaths":7,"minecraft:sneak_time":594,"minecraft:walk_under_water_one_cm":98723,"minecraft:jump":2120,"minecraft:walk_on_water_one_cm":71438,"minecraft:total_world_time":166942,"minecraft:fall_one_cm":29647},"minecraft:picked_up":{"minecraft:wooden_axe":2,"minecraft:iron_chestplate":1,"minecraft:crafting_table":1,"minecraft:glow_ink_sac":6,"minecraft:salmon":13,"minecraft:leather":1,"minecraft:wooden_pickaxe":1,"minecraft:enchanted_book":1,"minecraft:oak_log":48,"minecraft:shield":1,"minecraft:dirt":31,"minecraft:string":18,"minecraft:bone":3,"minecraft:apple":1,"minecraft:wheat_seeds":3,"minecraft:cobbled_deepslate":2,"minecraft:bucket":1,"minecraft:beef":3,"minecraft:iron_ingot":10,"minecraft:iron_pickaxe":2,"minecraft:iron_sword":1,"minecraft:iron_boots":1,"minecraft:egg":7,"minecraft:stick":3,"minecraft:raw_iron":15,"minecraft:music_disc_13":1,"minecraft:torch":1,"minecraft:gravel":1,"minecraft:porkchop":4,"minecraft:ink_sac":10,"minecraft:diorite":1,"minecraft:spider_eye":3,"minecraft:arrow":3,"minecraft:rotten_flesh":4,"minecraft:beetroot_seeds":3,"minecraft:stone_axe":1,"minecraft:iron_helmet":1,"minecraft:hay_block":2,"minecraft:bread":42,"minecraft:melon_seeds":1,"minecraft:obsidian":4,"minecraft:black_wool":1,"minecraft:mutton":5,"minecraft:coal":1,"minecraft:white_wool":4,"minecraft:cobblestone":9}},"DataVersion":3465}