{"stats":{"minecraft:picked_up":{"minecraft:rotten_flesh":1},"minecraft:custom":{"minecraft:jump":41,"minecraft:time_since_rest":5656,"minecraft:damage_dealt":153,"minecraft:sprint_one_cm":691,"minecraft:play_time":5656,"minecraft:time_since_death":5656,"minecraft:walk_one_cm":13302,"minecraft:sneak_time":4,"minecraft:climb_one_cm":226,"minecraft:total_world_time":5656,"minecraft:mob_kills":1,"minecraft:fly_one_cm":607},"minecraft:used":{"minecraft:polished_blackstone_bricks":69,"minecraft:polished_blackstone_brick_stairs":1},"minecraft:killed":{"minecraft:zombie":1}},"DataVersion":3465}