{"stats":{"minecraft:used":{"minecraft:purple_banner":2,"waystones:waystone":1,"minecraft:chiseled_polished_blackstone":12,"minecraft:polished_blackstone_brick_slab":124,"minecraft:iron_bars":9,"born_in_chaos_v1:argillite_lamp":82,"born_in_chaos_v1:orange_stained_glass":6,"minecraft:iron_block":258,"minecraft:grass_block":8,"minecraft:red_stained_glass":102,"wrd:corrupted_greatsword":4,"minecraft:polished_blackstone_brick_wall":13,"minecraft:chest":16,"born_in_chaos_v1:scorched_planks_door":1,"minecraft:polished_blackstone_brick_stairs":198,"wrd:dim_soul_lantern":3,"minecraft:iron_door":1,"magistuarmory:netherite_estoc":1,"born_in_chaos_v1:orange_stained_glass_panel":4,"minecraft:beacon":1,"minecraft:polished_blackstone_bricks":721,"born_in_chaos_v1:mesh_door":1,"minecraft:dirt":1,"elevatorid:elevator_black":3,"mutantmonsters:hulk_hammer":11,"minecraft:loom":1,"minecraft:red_bed":1,"minecraft:black_bed":8,"spartanweaponry:steel_greatsword":9},"minecraft:picked_up":{"minecraft:stick":7,"born_in_chaos_v1:corpse_maggot":2,"minecraft:leather_leggings":2,"minecraft:chainmail_chestplate":1,"minecraft:gunpowder":4,"dayzombierebooted:protection_helmet":1,"minecraft:bone":7,"minecraft:arrow":10,"minecraft:rotten_flesh":11,"minecraft:wheat_seeds":4,"minecraft:jungle_sapling":1,"minecraft:oak_sapling":2},"minecraft:custom":{"minecraft:time_since_rest":70315,"minecraft:waystone_activated":1,"minecraft:sprint_one_cm":7941,"minecraft:walk_one_cm":241417,"minecraft:mob_kills":22,"minecraft:damage_dealt":1849,"minecraft:interact_with_beacon":3,"minecraft:fly_one_cm":65948,"minecraft:open_chest":7,"minecraft:crouch_one_cm":929,"minecraft:interact_with_loom":4,"minecraft:play_time":70315,"tombstone:undead_killed":9,"minecraft:sneak_time":1038,"minecraft:jump":242,"minecraft:leave_game":4,"minecraft:time_since_death":70315,"minecraft:climb_one_cm":226,"minecraft:total_world_time":70315},"minecraft:killed":{"minecraft:skeleton":6,"minecraft:zombie":6,"minecraft:creeper":5,"born_in_chaos_v1:maggot":4}},"DataVersion":3465}