{"stats":{"minecraft:picked_up":{"born_in_chaos_v1:corpse_maggot":2,"minecraft:stick":7,"minecraft:bone":4,"minecraft:arrow":7,"minecraft:rotten_flesh":11,"minecraft:leather_leggings":2,"minecraft:wheat_seeds":4,"minecraft:chainmail_chestplate":1,"minecraft:jungle_sapling":1,"minecraft:gunpowder":4,"minecraft:oak_sapling":2,"dayzombierebooted:protection_helmet":1},"minecraft:used":{"minecraft:chiseled_polished_blackstone":12,"minecraft:polished_blackstone_bricks":648,"minecraft:polished_blackstone_brick_slab":92,"minecraft:iron_bars":9,"minecraft:dirt":1,"born_in_chaos_v1:argillite_lamp":74,"born_in_chaos_v1:orange_stained_glass":6,"mutantmonsters:hulk_hammer":11,"minecraft:red_stained_glass":101,"minecraft:grass_block":8,"wrd:corrupted_greatsword":4,"minecraft:polished_blackstone_brick_wall":13,"spartanweaponry:steel_greatsword":5,"wrd:dim_soul_lantern":3,"minecraft:polished_blackstone_brick_stairs":165,"magistuarmory:netherite_estoc":1,"born_in_chaos_v1:orange_stained_glass_panel":4},"minecraft:custom":{"minecraft:time_since_rest":44605,"minecraft:crouch_one_cm":897,"minecraft:sprint_one_cm":5706,"minecraft:play_time":44605,"tombstone:undead_killed":7,"minecraft:walk_one_cm":178309,"minecraft:sneak_time":987,"minecraft:mob_kills":20,"minecraft:jump":145,"minecraft:damage_dealt":1509,"minecraft:leave_game":2,"minecraft:time_since_death":44605,"minecraft:climb_one_cm":226,"minecraft:total_world_time":44605,"minecraft:fly_one_cm":55148},"minecraft:killed":{"minecraft:skeleton":4,"minecraft:zombie":6,"minecraft:creeper":5,"born_in_chaos_v1:maggot":4}},"DataVersion":3465}