{"stats":{"minecraft:picked_up":{"born_in_chaos_v1:corpse_maggot":1,"minecraft:stick":7,"minecraft:rotten_flesh":6,"minecraft:leather_leggings":1,"minecraft:wheat_seeds":4,"minecraft:jungle_sapling":1,"minecraft:gunpowder":1,"minecraft:oak_sapling":2},"minecraft:custom":{"minecraft:time_since_rest":36998,"minecraft:crouch_one_cm":805,"minecraft:sprint_one_cm":5334,"minecraft:play_time":36998,"minecraft:walk_one_cm":155552,"minecraft:sneak_time":872,"minecraft:mob_kills":6,"minecraft:jump":137,"minecraft:damage_dealt":648,"minecraft:leave_game":1,"minecraft:time_since_death":36998,"minecraft:climb_one_cm":226,"minecraft:total_world_time":36998,"minecraft:fly_one_cm":51529},"minecraft:used":{"minecraft:chiseled_polished_blackstone":12,"minecraft:polished_blackstone_bricks":648,"minecraft:iron_bars":9,"minecraft:polished_blackstone_brick_slab":92,"minecraft:dirt":1,"born_in_chaos_v1:argillite_lamp":74,"born_in_chaos_v1:orange_stained_glass":6,"minecraft:grass_block":8,"wrd:corrupted_greatsword":4,"minecraft:polished_blackstone_brick_wall":13,"minecraft:polished_blackstone_brick_stairs":165,"wrd:dim_soul_lantern":3,"magistuarmory:netherite_estoc":1},"minecraft:killed":{"minecraft:zombie":3,"minecraft:creeper":2,"born_in_chaos_v1:maggot":1}},"DataVersion":3465}