{"stats":{"minecraft:picked_up":{"born_in_chaos_v1:corpse_maggot":1,"minecraft:stick":7,"minecraft:rotten_flesh":4,"minecraft:leather_leggings":1,"minecraft:wheat_seeds":4,"minecraft:jungle_sapling":1,"minecraft:oak_sapling":2},"minecraft:custom":{"minecraft:time_since_rest":17656,"minecraft:crouch_one_cm":192,"minecraft:play_time":17656,"minecraft:sprint_one_cm":5334,"minecraft:walk_one_cm":84316,"minecraft:sneak_time":113,"minecraft:mob_kills":4,"minecraft:jump":84,"minecraft:damage_dealt":227,"minecraft:time_since_death":17656,"minecraft:total_world_time":17656,"minecraft:climb_one_cm":226,"minecraft:fly_one_cm":11412},"minecraft:used":{"minecraft:chiseled_polished_blackstone":12,"minecraft:polished_blackstone_bricks":258,"minecraft:polished_blackstone_brick_slab":52,"born_in_chaos_v1:argillite_lamp":9,"minecraft:grass_block":8,"wrd:dim_soul_lantern":3,"minecraft:polished_blackstone_brick_stairs":123,"magistuarmory:netherite_estoc":1},"minecraft:killed":{"minecraft:zombie":3,"born_in_chaos_v1:maggot":1}},"DataVersion":3465}