{"stats":{"minecraft:used":{"minecraft:purple_banner":2,"waystones:waystone":1,"minecraft:chiseled_polished_blackstone":12,"minecraft:polished_blackstone_brick_slab":124,"minecraft:iron_bars":9,"born_in_chaos_v1:argillite_lamp":162,"born_in_chaos_v1:orange_stained_glass":6,"minecraft:iron_block":258,"minecraft:grass_block":8,"minecraft:red_stained_glass":102,"wrd:corrupted_greatsword":4,"minecraft:polished_blackstone_brick_wall":13,"minecraft:chest":16,"born_in_chaos_v1:scorched_planks_door":1,"minecraft:polished_blackstone_brick_stairs":201,"wrd:dim_soul_lantern":3,"minecraft:iron_door":2,"magistuarmory:netherite_estoc":1,"born_in_chaos_v1:orange_stained_glass_panel":4,"minecraft:beacon":1,"minecraft:polished_blackstone_bricks":780,"born_in_chaos_v1:mesh_door":1,"minecraft:dirt":1,"elevatorid:elevator_black":3,"mutantmonsters:hulk_hammer":11,"minecraft:loom":1,"minecraft:red_bed":1,"magistuarmory:netherite_flamebladedsword":2,"minecraft:polished_blackstone_button":8,"minecraft:black_bed":8,"spartanweaponry:steel_greatsword":9},"minecraft:picked_up":{"minecraft:stick":7,"born_in_chaos_v1:corpse_maggot":2,"minecraft:leather_leggings":2,"minecraft:chainmail_chestplate":1,"tombstone:grave_dust":2,"minecraft:gunpowder":5,"dayzombierebooted:protection_helmet":1,"minecraft:bone":8,"minecraft:arrow":12,"minecraft:rotten_flesh":11,"minecraft:wheat_seeds":4,"minecraft:jungle_sapling":1,"minecraft:oak_sapling":2},"minecraft:custom":{"minecraft:time_since_rest":82315,"minecraft:waystone_activated":1,"minecraft:sprint_one_cm":8808,"minecraft:walk_one_cm":286767,"minecraft:mob_kills":25,"minecraft:damage_dealt":2049,"minecraft:interact_with_beacon":3,"minecraft:fly_one_cm":248918,"minecraft:open_chest":10,"minecraft:crouch_one_cm":1296,"minecraft:interact_with_loom":4,"minecraft:play_time":82315,"tombstone:undead_killed":11,"minecraft:sneak_time":1577,"minecraft:damage_dealt_resisted":248,"minecraft:jump":282,"minecraft:leave_game":4,"minecraft:time_since_death":82315,"minecraft:climb_one_cm":669,"minecraft:total_world_time":82315},"minecraft:killed":{"minecraft:skeleton":8,"minecraft:zombie":6,"minecraft:creeper":6,"born_in_chaos_v1:maggot":4}},"DataVersion":3465}